{
  "model": "h2o",
  "batch_size": 1,
  "head_num": 32,
  "head_dim": 128,
  "dtype": "torch.float16",
  "device": "cuda:0",
  "gpu_name": "NVIDIA GeForce RTX 3090",
  "cuda_version": "12.1",
  "pytorch_version": "2.2.2+cu121",
  "prefill_results": [
    {
      "q_len": 2048,
      "kv_len": 2048,
      "is_prefill": true,
      "gpu_avg_time_ms": 6.98592960357666,
      "gpu_min_time_ms": 6.883327960968018,
      "gpu_max_time_ms": 7.165952205657959,
      "gpu_std_time_ms": 0.05350577581753687,
      "gpu_tflops_per_sec": 4.91842035602656,
      "cpu_avg_time_ms": 6.9655609130859375,
      "cpu_min_time_ms": 6.885290145874023,
      "cpu_max_time_ms": 7.0438385009765625,
      "cpu_std_time_ms": 0.04471017634836258,
      "cpu_tflops_per_sec": 4.932802798903051,
      "base_gflops": 68.719476736,
      "effective_gflops": 34.359738368,
      "flops_reason": "Prefill with causal mask (aligned with source code)",
      "memory_traffic_gb": 1.0625,
      "memory_breakdown": {
        "q_read_gb": 0.015625,
        "k_read_gb": 0.015625,
        "v_read_gb": 0.015625,
        "qk_rw_gb": 0.5,
        "softmax_rw_gb": 0.5,
        "output_write_gb": 0.015625,
        "total_gb": 1.0625
      },
      "achieved_bandwidth_gbs": 152.09142666654137,
      "theoretical_bandwidth_gbs": 936.0,
      "bandwidth_utilization_percent": 16.249084045570658,
      "peak_memory_mb": 1360.375,
      "stage": "prefill",
      "context_len": 2048
    },
    {
      "q_len": 4096,
      "kv_len": 4096,
      "is_prefill": true,
      "gpu_avg_time_ms": 26.290645141601562,
      "gpu_min_time_ms": 26.202112197875977,
      "gpu_max_time_ms": 26.661888122558594,
      "gpu_std_time_ms": 0.10453028400855104,
      "gpu_tflops_per_sec": 5.227675195178857,
      "cpu_avg_time_ms": 26.29448890686035,
      "cpu_min_time_ms": 26.218891143798828,
      "cpu_max_time_ms": 26.424884796142578,
      "cpu_std_time_ms": 0.06320763581073646,
      "cpu_tflops_per_sec": 5.226911006288529,
      "base_gflops": 274.877906944,
      "effective_gflops": 137.438953472,
      "flops_reason": "Prefill with causal mask (aligned with source code)",
      "memory_traffic_gb": 4.125,
      "memory_breakdown": {
        "q_read_gb": 0.03125,
        "k_read_gb": 0.03125,
        "v_read_gb": 0.03125,
        "qk_rw_gb": 2.0,
        "softmax_rw_gb": 2.0,
        "output_write_gb": 0.03125,
        "total_gb": 4.125
      },
      "achieved_bandwidth_gbs": 156.89991545596263,
      "theoretical_bandwidth_gbs": 936.0,
      "bandwidth_utilization_percent": 16.762811480337888,
      "peak_memory_mb": 5288.625,
      "stage": "prefill",
      "context_len": 4096
    },
    {
      "q_len": 8192,
      "kv_len": 8192,
      "is_prefill": true,
      "gpu_avg_time_ms": 398.6060461425781,
      "gpu_min_time_ms": 339.01873779296875,
      "gpu_max_time_ms": 547.4795532226562,
      "gpu_std_time_ms": 56.03793329612045,
      "gpu_tflops_per_sec": 1.3791958732391052,
      "cpu_avg_time_ms": 397.2979259490967,
      "cpu_min_time_ms": 339.7390842437744,
      "cpu_max_time_ms": 502.6414394378662,
      "cpu_std_time_ms": 55.065663036908234,
      "cpu_tflops_per_sec": 1.3837369338757555,
      "base_gflops": 1099.511627776,
      "effective_gflops": 549.755813888,
      "flops_reason": "Prefill with causal mask (aligned with source code)",
      "memory_traffic_gb": 16.25,
      "memory_breakdown": {
        "q_read_gb": 0.0625,
        "k_read_gb": 0.0625,
        "v_read_gb": 0.0625,
        "qk_rw_gb": 8.0,
        "softmax_rw_gb": 8.0,
        "output_write_gb": 0.0625,
        "total_gb": 16.25
      },
      "achieved_bandwidth_gbs": 40.76706853108673,
      "theoretical_bandwidth_gbs": 936.0,
      "bandwidth_utilization_percent": 4.355456039646018,
      "peak_memory_mb": 20873.125,
      "stage": "prefill",
      "context_len": 8192
    }
  ],
  "decode_results": [
    {
      "q_len": 1,
      "kv_len": 2048,
      "is_prefill": false,
      "gpu_avg_time_ms": 0.24175168037414552,
      "gpu_min_time_ms": 0.2364480048418045,
      "gpu_max_time_ms": 0.2734079957008362,
      "gpu_std_time_ms": 0.006359012731897891,
      "gpu_tflops_per_sec": 0.13879709935446857,
      "cpu_avg_time_ms": 0.22677898406982422,
      "cpu_min_time_ms": 0.2205371856689453,
      "cpu_max_time_ms": 0.2434253692626953,
      "cpu_std_time_ms": 0.004655134815244407,
      "cpu_tflops_per_sec": 0.14796094152035158,
      "base_gflops": 0.033554432,
      "effective_gflops": 0.033554432,
      "flops_reason": "Decode without causal mask effect",
      "memory_traffic_gb": 0.0317535400390625,
      "memory_breakdown": {
        "q_read_gb": 7.62939453125e-06,
        "k_read_gb": 0.015625,
        "v_read_gb": 0.015625,
        "qk_rw_gb": 0.000244140625,
        "softmax_rw_gb": 0.000244140625,
        "output_write_gb": 7.62939453125e-06,
        "total_gb": 0.0317535400390625
      },
      "achieved_bandwidth_gbs": 131.34775315695563,
      "theoretical_bandwidth_gbs": 936.0,
      "bandwidth_utilization_percent": 14.032879610785859,
      "peak_memory_mb": 41.02734375,
      "stage": "decode",
      "context_len": 2048
    },
    {
      "q_len": 1,
      "kv_len": 4096,
      "is_prefill": false,
      "gpu_avg_time_ms": 0.2254847976565361,
      "gpu_min_time_ms": 0.21913599967956543,
      "gpu_max_time_ms": 0.2519040107727051,
      "gpu_std_time_ms": 0.005045735251363582,
      "gpu_tflops_per_sec": 0.29762034823394995,
      "cpu_avg_time_ms": 0.21784305572509766,
      "cpu_min_time_ms": 0.21457672119140625,
      "cpu_max_time_ms": 0.2353191375732422,
      "cpu_std_time_ms": 0.004980209729673678,
      "cpu_tflops_per_sec": 0.3080606071037058,
      "base_gflops": 0.067108864,
      "effective_gflops": 0.067108864,
      "flops_reason": "Decode without causal mask effect",
      "memory_traffic_gb": 0.0634918212890625,
      "memory_breakdown": {
        "q_read_gb": 7.62939453125e-06,
        "k_read_gb": 0.03125,
        "v_read_gb": 0.03125,
        "qk_rw_gb": 0.00048828125,
        "softmax_rw_gb": 0.00048828125,
        "output_write_gb": 7.62939453125e-06,
        "total_gb": 0.0634918212890625
      },
      "achieved_bandwidth_gbs": 281.5791660853996,
      "theoretical_bandwidth_gbs": 936.0,
      "bandwidth_utilization_percent": 30.08324423989312,
      "peak_memory_mb": 73.90625,
      "stage": "decode",
      "context_len": 4096
    },
    {
      "q_len": 1,
      "kv_len": 8192,
      "is_prefill": false,
      "gpu_avg_time_ms": 0.3762374401092529,
      "gpu_min_time_ms": 0.347135990858078,
      "gpu_max_time_ms": 0.39526399970054626,
      "gpu_std_time_ms": 0.008237657952558989,
      "gpu_tflops_per_sec": 0.3567367669762623,
      "cpu_avg_time_ms": 0.37720203399658203,
      "cpu_min_time_ms": 0.3628730773925781,
      "cpu_max_time_ms": 0.39458274841308594,
      "cpu_std_time_ms": 0.005878891655878672,
      "cpu_tflops_per_sec": 0.35582450756672274,
      "base_gflops": 0.134217728,
      "effective_gflops": 0.134217728,
      "flops_reason": "Decode without causal mask effect",
      "memory_traffic_gb": 0.1269683837890625,
      "memory_breakdown": {
        "q_read_gb": 7.62939453125e-06,
        "k_read_gb": 0.0625,
        "v_read_gb": 0.0625,
        "qk_rw_gb": 0.0009765625,
        "softmax_rw_gb": 0.0009765625,
        "output_write_gb": 7.62939453125e-06,
        "total_gb": 0.1269683837890625
      },
      "achieved_bandwidth_gbs": 337.4687637471514,
      "theoretical_bandwidth_gbs": 936.0,
      "bandwidth_utilization_percent": 36.05435510119139,
      "peak_memory_mb": 139.6640625,
      "stage": "decode",
      "context_len": 8192
    }
  ]
}